0,1,2,3,4,5,6,7,8,9,10,11,12,13,14,15,16,17,18,19,20,21,22,23,24,25,26,27,28,29,30,31,32,33,34,35,36,37,38,39,40,41,42,43,44,45,46,47,48,49,50,51,52,53,54,55,56,57,58,59,60,61,62,63,64,65,66,67,68,69,70,71,72,73,74,75,76,77,78,79,80,81,82,83,84,85,86,87,88,89,90,91,92,93,94,95,96,97,98,99,100,101,102,103,104,105,106,107,108,109,110,111,112,113,114,115,116,117,118,119,120,121,122,123,124,125,126,127,128,129,130,131,132,133,134,135,136,137,138,139,140,141,142,143,144,145,146,147,148,149,150,151,152,153,154,155,156,157,158,159,160,161,162,163,164,165,166,167,168,169,170,171,172,173,174,175,176,177,178,179,180,181,182,183,184,185,186,187,188,189,190,191,192,193,194,195,196,197,198,199,200,label
-345.0741271972656,77.04405975341797,26.342370986938477,69.59890747070312,7.1017303466796875,-3.6983726024627686,-1.8256062269210815,-12.622166633605957,-2.911579132080078,-4.10465669631958,-9.865389823913574,-7.419954776763916,3.897819995880127,1.7407870292663574,-4.179806232452393,-0.06152317300438881,-3.18113374710083,0.38152921199798584,-6.823483467102051,-0.8223251104354858,0.8400899767875671,-2.1037540435791016,-0.25975653529167175,-0.19846691191196442,-1.008710503578186,0.6992918252944946,0.24872508645057678,0.5526869297027588,0.004878211300820112,-0.21837179362773895,0.4359380602836609,0.14438404142856598,-0.6103568077087402,-0.07424553483724594,0.45510417222976685,0.030739547684788704,-0.41541802883148193,0.2667805850505829,0.1414593756198883,-0.14599937200546265,-0.6598397493362427,2.250863790512085,-0.5320298075675964,0.6476527452468872,0.22524558007717133,-0.4432564973831177,-0.03471231088042259,-0.14959609508514404,-0.03460843488574028,-0.010795029811561108,-0.10892917215824127,0.013477373868227005,0.194901704788208,-0.00699315732344985,-0.03971422091126442,-0.059411559253931046,0.03487592935562134,0.054205331951379776,-0.04446766525506973,-0.024933164939284325,123.10368347167969,114.16392517089844,53.173744201660156,69.59729766845703,40.627986907958984,39.03430938720703,28.079177856445312,27.262765884399414,26.71808433532715,19.738405227661133,17.555103302001953,12.771753311157227,16.023887634277344,10.031655311584473,14.240087509155273,9.531532287597656,10.842704772949219,8.471141815185547,7.122312545776367,8.20055866241455,23.07805824279785,19.60297393798828,8.117424964904785,14.495519638061523,7.710228443145752,8.211491584777832,5.68779993057251,5.159964084625244,5.617209434509277,3.8365797996520996,2.8976356983184814,1.7484246492385864,2.771182060241699,1.548125982284546,2.949852705001831,2.0780985355377197,2.0397229194641113,1.6670503616333008,1.3745204210281372,1.4520419836044312,18.92264747619629,14.707508087158203,6.907998085021973,9.04224681854248,6.202011585235596,5.454220771789551,3.61712908744812,2.8938374519348145,3.225440263748169,2.857226610183716,2.356383800506592,1.6450774669647217,1.679970622062683,1.1306934356689453,1.5154614448547363,1.4942958354949951,1.3607105016708374,1.0678287744522095,1.178267002105713,0.9587289094924927,115.98483114401931,18.946512418684215,82.16903145857903,151.57165665103983,837.6981481243372,2129.4476461085287,3104.5691810237745,2006.3079073257322,1291.0743312593436,18.93119374519451,13.413551275833786,21.25758545518768,19.928503501269148,23.84246750244579,38.04535790510594,44.928542304076586,3262.517755681818,1911.5292779728625,514.2619169735202,6.489975822104572,4.536203127957434,8.92841916353496,6.795141445033393,8.940748741617831,13.062558647975408,8.344293673897901,2358.2182754486703,13.220912741711055,12.685241100287746,13.413551275833786,21.25758545518768,19.928503501269148,23.84246750244579,51.162147202606704,6.236600440315679,5.497518160527976,4.536203127957434,8.92841916353496,6.795141445033393,8.940748741617831,10.016003858264874,0.5234129428863525,0.4492119550704956,0.4814550578594208,0.4378875494003296,0.4074220359325409,0.5150125026702881,0.5149708390235901,0.5021252632141113,0.5011342167854309,0.5602356791496277,0.5336822867393494,0.541520357131958,0.2710650563240051,0.1974162459373474,0.3001974821090698,0.29300656914711,0.19430531561374664,0.2928597927093506,0.2840144634246826,0.23216398060321808,0.24485968053340912,0.2889874577522278,0.268845796585083,0.27253127098083496,0.004909101748292461,0.015718942701345977,-0.007165970958092458,-0.012764588130092925,-0.01121746382452032,0.0066607908740865885,0.03479239928137784,0.05040511159070986,0.08024068351030508,0.08120493109284038,0.02468572529042995,0.021811991365028073,0.036835699752227904,0.14434795915219215,9.2014544394007,0.17050386679292928,0
-328.88232421875,75.08242797851562,26.430217742919922,52.55426788330078,3.95116925239563,0.36850976943969727,-3.043163537979126,-9.01300048828125,-3.390991687774658,-0.17329886555671692,-3.689528465270996,-4.939837455749512,0.8802005052566528,4.527621269226074,-4.099000453948975,-1.2396571636199951,-1.0788333415985107,-1.6814769506454468,-7.007409572601318,0.6230235695838928,0.7891222238540649,1.254608154296875,-0.4578152298927307,-1.6906301975250244,-0.5131270885467529,0.3801184594631195,-0.5617057681083679,-0.44691404700279236,0.05965423583984375,0.45753663778305054,0.13542811572551727,-0.025177761912345886,0.26892194151878357,0.3118584156036377,-0.22789007425308228,-0.26673734188079834,0.1677568107843399,-0.13215269148349762,-0.07981321960687637,0.08603130280971527,-1.1093794107437134,-0.1442108452320099,-0.47038671374320984,0.22843393683433533,0.48770490288734436,-0.45817098021507263,-0.004379612859338522,-0.0324881486594677,-0.0032587868627160788,0.1396150439977646,-0.0029645392205566168,0.024343762546777725,0.058567341417074203,-0.09061688184738159,0.1020796075463295,-0.08318823575973511,-0.0690588429570198,0.05412577837705612,-0.03691280260682106,-0.002817184664309025,102.74037170410156,111.64762115478516,55.62690734863281,74.82306671142578,58.06715393066406,38.00370788574219,27.143726348876953,29.136178970336914,25.571603775024414,27.578289031982422,17.71849250793457,17.191850662231445,15.545949935913086,14.317197799682617,12.295467376708984,13.440770149230957,11.776410102844238,11.710712432861328,9.529280662536621,8.081242561340332,20.101490020751953,22.38977813720703,11.904762268066406,13.189337730407715,10.460028648376465,7.862480163574219,5.91368293762207,6.048784255981445,4.91556978225708,4.821837425231934,3.990626096725464,3.7121500968933105,2.7127301692962646,3.6119496822357178,2.447742462158203,2.9138901233673096,2.3419950008392334,2.270244598388672,1.9051320552825928,1.5386754274368286,17.44093132019043,15.732311248779297,7.1686110496521,7.824673652648926,5.499309062957764,5.100793361663818,3.5678889751434326,4.425765037536621,3.716954231262207,2.948997974395752,2.5558583736419678,2.2372634410858154,1.5168392658233643,1.8809154033660889,1.6494513750076294,2.123727798461914,1.325631022453308,1.501783847808838,1.1984930038452148,0.9686719179153442,113.3057707821745,19.859472880408305,85.06671609508557,179.21192838239048,917.2793115783151,2035.899755335882,3112.7205748079564,2028.9398427494111,1333.4564424605358,20.088983162422757,15.43451480961995,23.70100040998227,22.790745565938277,28.009815341361655,32.841265650379455,47.36547623633557,3271.6657366071427,1704.5667271811137,648.8079450617332,5.5547816272405885,5.245696897158033,8.544009215335437,8.923473635690561,7.182032525508168,11.600569785226346,8.390292518558683,2362.119294791051,13.430413213840096,13.228808874023636,15.43451480961995,23.70100040998227,22.790745565938277,28.009815341361655,50.131373541304555,5.844508856649439,5.748450919507119,5.245696897158033,8.544009215335437,8.923473635690561,7.182032525508168,8.874085432034855,0.39245980978012085,0.36379867792129517,0.2979423403739929,0.26611512899398804,0.3113344609737396,0.45950594544410706,0.5354205369949341,0.4686627984046936,0.4347251355648041,0.5814734101295471,0.4921976327896118,0.3919500410556793,0.2849707305431366,0.26030412316322327,0.23300090432167053,0.23071719706058502,0.20240646600723267,0.31284186244010925,0.36106693744659424,0.2689790725708008,0.23268379271030426,0.320037305355072,0.2842615246772766,0.26263105869293213,0.020527622413721143,0.006331137492930918,-0.07803153196083686,-0.03922327804778376,0.0054211121014725435,0.01975268763988948,0.08384110630273488,0.06205764239841839,0.11551079427463731,0.09907422956018724,0.033723150413466664,0.03998135341384341,0.022878589002103107,0.12128724217127768,9.282989347675876,0.17088448660714287,0
-339.6475830078125,83.974853515625,21.521499633789062,37.06223678588867,1.5998806953430176,13.293354988098145,-0.2727554142475128,-9.11632251739502,-7.462829113006592,4.440195560455322,-2.513115167617798,-2.3591532707214355,3.4042770862579346,4.433544635772705,-2.3258206844329834,0.6303727030754089,-0.32372933626174927,-0.006224398035556078,-6.495906829833984,-1.1447614431381226,-0.6285626292228699,-0.9920728206634521,-0.2801452875137329,-1.06411612033844,-0.634535014629364,0.3544743061065674,-0.11126689612865448,0.06256397813558578,0.2579402029514313,0.2620944678783417,0.49515584111213684,-0.08358760178089142,0.10606399923563004,0.2694912254810333,-0.07760757952928543,-0.038323625922203064,0.0032747548539191484,0.08038637042045593,0.03441118448972702,-0.016456637531518936,-1.347765326499939,0.49867933988571167,-0.17155328392982483,-0.04529733583331108,0.2340896725654602,-0.06901412457227707,0.0042203571647405624,-0.0859396830201149,-0.026920335367321968,-0.27865660190582275,-0.06046408414840698,-0.07899576425552368,-0.10788454860448837,-0.15188871324062347,0.05473807454109192,-0.07911501079797745,-0.020955326035618782,-0.01096026599407196,-0.013246270827949047,-0.08334268629550934,110.76643371582031,120.61542510986328,50.851905822753906,58.88418197631836,47.415863037109375,36.23672866821289,33.71830368041992,35.75556182861328,24.484949111938477,27.586633682250977,21.886507034301758,20.639904022216797,13.091490745544434,16.381738662719727,10.989801406860352,11.851783752441406,8.186261177062988,9.266292572021484,11.344301223754883,10.620258331298828,22.737720489501953,24.49083137512207,11.487598419189453,12.63671875,9.251317024230957,7.124916076660156,6.512555122375488,6.707160949707031,4.866754531860352,6.099082946777344,5.00943660736084,4.7351250648498535,2.6727712154388428,3.6683807373046875,1.9937362670898438,2.5720996856689453,1.5155143737792969,1.7910493612289429,2.499366521835327,2.077885627746582,15.814399719238281,16.56158447265625,7.783265113830566,7.280393123626709,5.0285491943359375,4.156773567199707,4.150221347808838,4.4962077140808105,3.3551957607269287,3.8923397064208984,2.6277692317962646,2.5684125423431396,2.0716915130615234,2.285400629043579,1.6047215461730957,1.7419277429580688,1.307570219039917,1.233694314956665,1.5379834175109863,1.410618782043457,119.1869747265097,20.654412602468533,91.17224885582168,183.40080864093423,925.4936832286518,1935.92281365924,2930.694250125443,1791.0688933212575,1272.1067509494899,19.464776316194584,15.061780175797562,23.002736189164537,23.285322650271294,28.60087721394114,28.122222906473898,47.332860415016604,2854.7085516467064,1602.733440050944,597.4961006920851,5.9143647796484435,5.1703600433422485,8.51073702035199,7.424009820834395,9.47912549311303,10.345596284883884,7.996776964111046,2319.6398341847034,13.491038718006788,12.562873751134964,15.061780175797562,23.002736189164537,23.285322650271294,28.60087721394114,48.846927759783256,5.365670964010769,5.708816558953328,5.1703600433422485,8.51073702035199,7.424009820834395,9.47912549311303,8.724334491067774,0.45946478843688965,0.45113903284072876,0.43387123942375183,0.41204121708869934,0.40636900067329407,0.40644192695617676,0.521074652671814,0.5491979718208313,0.5455362796783447,0.4871443212032318,0.4738321304321289,0.4709573984146118,0.26178717613220215,0.26730838418006897,0.2672538161277771,0.23900611698627472,0.26216959953308105,0.22325915098190308,0.3044106960296631,0.29700902104377747,0.2714439928531647,0.2425273060798645,0.2877190113067627,0.2910231649875641,-0.0013363246331091444,-0.011387909209182957,0.018115315603058294,0.0005852357724196801,0.0006828897526573902,8.125421256502669e-05,0.05218228895166404,0.056217527830886266,0.09260299341872426,0.11159134381431897,0.03321647765597235,0.0340230546779085,0.029035297134816437,0.1703220950353148,9.91222935534806,0.15440505707335328,0
-250.2919158935547,103.87675476074219,3.971799850463867,58.52653503417969,18.40395736694336,3.364980697631836,-13.829459190368652,-11.331827163696289,-6.591579437255859,5.9780073165893555,-8.403951644897461,-8.868310928344727,9.564255714416504,2.1350650787353516,4.247830867767334,-4.1533522605896,-3.7762575149536133,5.974307537078857,-10.094181060791016,1.0477893352508545,-2.685490131378174,2.6013219356536865,-1.0086641311645508,-1.213180422782898,-0.5299182534217834,-0.1388803869485855,0.5545153617858887,-0.608344554901123,-0.19542841613292694,0.5902184844017029,0.6007214188575745,0.05593057721853256,-0.6315954327583313,0.9371709823608398,0.2705201804637909,0.039545606821775436,-0.0957106202840805,-0.08997033536434174,0.2115432173013687,0.001210679765790701,-3.7799458503723145,-1.1593973636627197,0.6241119503974915,0.49007898569107056,0.33323147892951965,0.4801483154296875,-0.08068851381540298,0.5842331051826477,0.011029883287847042,0.12026948481798172,0.034767813980579376,0.12314561754465103,-0.3082464039325714,-0.33012786507606506,0.19580864906311035,0.08600424975156784,-0.056240521371364594,0.004721862729638815,0.3068965673446655,-0.06522580236196518,110.2515869140625,91.11659240722656,50.35914611816406,51.40998840332031,36.800689697265625,36.82293701171875,16.96949005126953,21.859495162963867,22.550207138061523,19.70872688293457,20.01021957397461,13.230032920837402,10.845325469970703,15.983549118041992,12.464832305908203,9.621767044067383,8.873017311096191,7.582371234893799,10.163325309753418,11.868229866027832,21.55808448791504,18.925872802734375,11.303370475769043,10.296698570251465,8.178040504455566,8.07144546508789,4.030113220214844,4.0885467529296875,4.584182262420654,3.7177681922912598,4.711520671844482,2.4187114238739014,2.1733012199401855,3.2861692905426025,1.940204381942749,1.6800321340560913,1.6808518171310425,1.6292232275009155,2.2798032760620117,1.9926153421401978,17.160537719726562,14.979442596435547,8.001583099365234,4.557660102844238,4.850661277770996,4.583212852478027,2.6227238178253174,3.6098315715789795,2.319065570831299,2.0965986251831055,2.4624409675598145,1.778395414352417,1.338426113128662,1.6051925420761108,1.8135651350021362,1.7847719192504883,1.415307641029358,1.0436241626739502,1.4685097932815552,1.4184746742248535,99.71646398671847,11.339430096692498,81.22523963562355,118.23577860271482,765.1052034948386,1897.1315605878924,2930.9991081620274,1713.6479229176687,1508.7810089615816,19.27665356916827,14.862135084393884,23.326019537723187,19.341198590026405,21.964170244613946,26.768143770955966,46.40310133898571,3105.5883290816328,1241.5495481842781,533.6433443334593,5.344982882460427,4.6799029698130346,8.564168613269011,5.235344766242338,5.512498134092212,8.826270865627016,9.938472754324838,1892.2862776329766,14.438898991583306,13.700125364402373,14.862135084393884,23.326019537723187,19.341198590026405,21.964170244613946,47.1884437310984,5.958122651414842,5.224107829284221,4.6799029698130346,8.564168613269011,5.235344766242338,5.512498134092212,10.360905133134406,0.2622241675853729,0.23228634893894196,0.21283726394176483,0.21511510014533997,0.3315450847148895,0.4956285059452057,0.43856826424598694,0.42324209213256836,0.464679092168808,0.6181029081344604,0.3302399814128876,0.23774990439414978,0.2100743055343628,0.17759010195732117,0.1731581687927246,0.14259284734725952,0.25110703706741333,0.3587568998336792,0.2885895073413849,0.2830359935760498,0.2984671890735626,0.3221736550331116,0.17689459025859833,0.11289364844560623,0.055787166917987914,0.01851310724937737,-0.14098580628253435,0.014448599927886717,-0.009378333446930112,0.029514585136987168,0.12147409365840416,0.062471199035183216,0.16207023236417828,0.08271479750604041,0.04336631140798624,0.054935328611713914,0.02527169425463748,0.12613234243332205,9.736012722884402,0.13741629464285715,0
-406.08642578125,42.42807388305664,24.046724319458008,34.2835693359375,3.1207849979400635,2.2532501220703125,-12.937276840209961,-6.696900367736816,-6.607875347137451,-3.5835421085357666,-8.995737075805664,-1.2203329801559448,3.6541144847869873,1.0019652843475342,-2.333953380584717,1.9902005195617676,0.4310602843761444,0.43119776248931885,-4.1785054206848145,0.07166436314582825,-0.019235732033848763,-0.25909915566444397,-0.6104179620742798,-0.2585686147212982,0.14306432008743286,-0.23900669813156128,-0.5220350623130798,-0.15934714674949646,0.08249270915985107,-0.00934266485273838,-0.08363238722085953,-0.02758781984448433,0.05983840674161911,0.03694097697734833,0.00023601118300575763,0.03204783424735069,-0.007692194078117609,0.004025420174002647,-0.02167387120425701,-0.008599949069321156,-1.0177032947540283,-0.2936840057373047,0.4238509237766266,0.03413766250014305,0.26689717173576355,0.2244960367679596,-0.03640298917889595,0.01061973161995411,-0.07982587069272995,0.018153412267565727,0.01913158968091011,-0.049922507256269455,-0.013982833363115788,0.05249940603971481,-0.06697852909564972,0.06657900661230087,0.09351112693548203,-0.06587620824575424,0.014879261143505573,0.06645731627941132,106.21834564208984,134.9488983154297,65.2322006225586,82.64842987060547,55.915557861328125,40.2007942199707,35.757423400878906,31.73843765258789,25.34079360961914,24.12034797668457,20.141786575317383,17.48166275024414,18.458282470703125,13.354386329650879,13.107837677001953,10.155816078186035,12.176421165466309,10.07408332824707,9.007486343383789,10.43730640411377,20.170455932617188,28.962663650512695,12.221203804016113,15.077665328979492,10.510930061340332,7.650899410247803,6.532252311706543,6.410799980163574,4.541237831115723,4.611432075500488,3.566349506378174,3.3928143978118896,3.6506879329681396,2.710777521133423,2.5252459049224854,1.9767184257507324,2.5743327140808105,1.976097822189331,1.7300057411193848,2.0471184253692627,13.189584732055664,16.746129989624023,6.317511081695557,7.618852615356445,5.48582124710083,4.748289108276367,4.176135063171387,4.159201622009277,3.1895089149475098,2.773207187652588,2.4096312522888184,2.022540330886841,2.0501089096069336,1.8139004707336426,1.696292757987976,1.4070590734481812,1.664398193359375,1.4000424146652222,1.1211886405944824,1.3334530591964722,105.46655389315599,10.883196051653988,85.55950256826023,135.81724438273213,1111.348409859366,2133.6738644260818,2963.0415283591474,2354.6135396849727,1215.6631876703123,19.5211855166964,15.89413070433415,24.504822385903967,24.217254965506044,28.877326921444666,28.920407850773607,44.91050717154626,3551.9004564606744,1940.0469977896385,643.7479795191306,6.3863857782259,6.450073671426827,8.854399646555061,8.775561224685346,9.576693105951604,11.437291139346133,9.58589495025574,2560.5964209732897,14.138525680482202,12.614792339361085,15.87632025450512,24.489069750111007,24.192997646683917,28.857946112974748,49.01269168125558,6.149231949594664,5.318738542933608,6.4572792861344785,8.875253621695393,8.806661403370946,9.607914359930561,10.548872405025222,0.4153516888618469,0.34426963329315186,0.3341407775878906,0.3146377205848694,0.3396349251270294,0.36920344829559326,0.4372485876083374,0.4928487241268158,0.5201378464698792,0.4871600866317749,0.41733190417289734,0.36235785484313965,0.3085536062717438,0.2519885301589966,0.270463228225708,0.22382952272891998,0.2628714442253113,0.2881854176521301,0.2830321490764618,0.32035255432128906,0.31449368596076965,0.29580119252204895,0.2933812141418457,0.2640156149864197,-0.0030160590406737727,0.014750322984215757,-0.009870716764798003,0.02344461889895602,0.0010052369626739421,0.00804179997492086,0.08997663043581385,0.06698476410717537,0.1281996890262946,0.14513421047051003,0.04927943443222131,0.04753732724652648,0.019257877927815276,0.12933333401813182,10.286350958026715,0.22152972846441948,0
-315.8240661621094,91.533935546875,15.822893142700195,39.154014587402344,1.4875526428222656,-1.7527594566345215,-9.213438034057617,-13.444093704223633,-1.7503385543823242,2.172478437423706,-7.732160568237305,-0.4188004434108734,4.283122539520264,4.084385395050049,-0.5707030296325684,0.19877102971076965,-0.3637109696865082,0.5447602272033691,-6.43986701965332,1.1180294752120972,-0.6471943259239197,-0.05197863653302193,-0.29923829436302185,0.681912899017334,0.5106211304664612,-0.46123063564300537,-0.5519624352455139,-0.6028621792793274,-0.42459800839424133,0.07724544405937195,0.13112732768058777,-0.24873727560043335,0.0017231148667633533,0.12503211200237274,0.06890328228473663,-0.14751635491847992,0.10203831642866135,-0.08069421350955963,-0.004853705409914255,-0.07003069669008255,-1.0154634714126587,-0.3059677481651306,-0.02795856073498726,0.2214605063199997,0.1823485791683197,-0.027797561138868332,0.11929665505886078,0.31059926748275757,0.01480521634221077,0.011507268995046616,0.09978646785020828,0.09924416244029999,-0.034135911613702774,-0.04594263434410095,0.04578593000769615,-0.04871729761362076,0.028267081826925278,-0.07255000621080399,0.035690173506736755,0.021238401532173157,105.67156982421875,115.27217102050781,58.079620361328125,79.3931655883789,52.99213409423828,37.41762161254883,29.726032257080078,30.342620849609375,22.16454315185547,30.199016571044922,21.5904541015625,19.56667709350586,15.006725311279297,13.434874534606934,12.251187324523926,13.91439437866211,12.022618293762207,10.333280563354492,12.479975700378418,9.72730541229248,18.055707931518555,27.270366668701172,13.48043155670166,16.97263526916504,10.638937950134277,9.140631675720215,5.908998012542725,6.130259037017822,4.301101207733154,6.265871047973633,4.863982677459717,3.2242209911346436,3.0767855644226074,2.7056334018707275,2.624323606491089,2.6298017501831055,2.5743608474731445,2.029705047607422,2.297609806060791,2.1219115257263184,12.84560775756836,16.37177085876465,8.452184677124023,8.368300437927246,5.445290565490723,4.712449550628662,4.1302008628845215,4.55338191986084,3.345566511154175,4.319011688232422,2.626648426055908,2.1903350353240967,1.984678030014038,1.6748937368392944,1.9039137363433838,1.7109849452972412,1.4159836769104004,1.5561479330062866,1.3879272937774658,1.284103274345398,108.88400234117381,12.962047777458151,89.08987181403393,157.8258294677283,907.8173624117895,1911.975982382163,2954.0483454334753,1865.7919299562222,1228.1796406308065,19.19278894945334,15.453662962686483,23.728553613825312,22.819047586380073,26.36489301122391,34.434113811533486,45.17858892368467,3047.885948503521,1657.2310466901304,613.8677499712985,5.123524742968945,6.038496710193389,9.023774784535822,7.743548423336725,7.981554666078714,13.277505322147483,11.551051756804322,2235.5926133002213,13.324002408492847,13.105499231554301,15.453662962686483,23.728553613825312,22.819047586380073,26.36489301122391,53.57617687828877,4.970685943431369,5.4314500201029645,6.038496710193389,9.023774784535822,7.743548423336725,7.981554666078714,11.946511565957389,0.3976954519748688,0.3353564143180847,0.32998353242874146,0.3260876536369324,0.33008331060409546,0.4336332678794861,0.5153947472572327,0.5909386873245239,0.6667771935462952,0.48567649722099304,0.45656082034111023,0.37249571084976196,0.29543423652648926,0.2532418370246887,0.2347068190574646,0.20976604521274567,0.22199764847755432,0.2551959455013275,0.32534217834472656,0.2985551059246063,0.3210810422897339,0.2541554272174835,0.2808593511581421,0.2481047511100769,-0.04622290646490549,0.015538841250893545,0.012351319777555657,0.017650694461722467,-0.008013557475862094,-0.008911521393726982,0.09846102895619838,0.07360032579799006,0.096018103071991,0.1656034795066418,0.04193145378456459,0.04455695666193738,0.023206753816562863,0.14151306157721294,9.640081023988333,0.16754580215669015,0
-328.94805908203125,86.83002471923828,25.0643310546875,46.19389724731445,10.181844711303711,13.308832168579102,-9.84325122833252,-14.072948455810547,-5.085174083709717,2.4265389442443848,-4.257818222045898,-2.4602067470550537,2.7618324756622314,0.1199292466044426,-0.5166857242584229,0.6132094264030457,-3.586273431777954,0.7794042825698853,-5.953671455383301,0.46264418959617615,-0.013706606812775135,-2.3727669715881348,0.22666724026203156,-1.3242554664611816,-0.8098743557929993,0.8101194500923157,0.5461949706077576,0.7633081674575806,-0.0423610582947731,0.3784494400024414,0.3011493980884552,0.1238766759634018,0.009129207581281662,0.03253911808133125,0.20885299146175385,0.17675024271011353,-0.07128177583217621,0.1349404752254486,0.10441110283136368,0.07005667686462402,0.36860543489456177,-0.07379826158285141,-0.5313905477523804,-0.03858440741896629,-0.3477673828601837,-0.006008196156471968,0.011756379157304764,0.17688021063804626,0.28891369700431824,0.08893091976642609,0.0058244927786290646,0.036212723702192307,0.12209141999483109,-0.18821953237056732,-0.08127787709236145,-0.02500653825700283,0.022905627265572548,-0.05167386308312416,-0.061420805752277374,0.05950574949383736,111.91079711914062,128.04415893554688,60.35494613647461,55.783206939697266,48.33270263671875,31.710054397583008,34.961326599121094,32.3516731262207,21.610122680664062,21.250577926635742,18.283477783203125,14.045303344726562,11.242816925048828,11.524348258972168,10.70798110961914,11.269489288330078,10.329508781433105,8.805392265319824,8.589324951171875,9.239042282104492,25.40950584411621,29.165771484375,13.476317405700684,10.4207763671875,11.279696464538574,6.686749458312988,7.668392658233643,6.309629917144775,3.9768574237823486,4.244985103607178,4.12679386138916,2.824291706085205,2.102912187576294,2.459861993789673,2.4445817470550537,1.9430583715438843,1.9036794900894165,1.6911696195602417,1.8553229570388794,1.8849353790283203,17.659568786621094,15.98019790649414,7.962024688720703,6.249166965484619,6.724279403686523,3.1771252155303955,4.261544227600098,3.984114170074463,3.187645196914673,2.5278160572052,2.5781798362731934,1.5945320129394531,1.7795251607894897,1.5610227584838867,1.2870738506317139,1.278095006942749,1.3863581418991089,1.3019074201583862,1.2429097890853882,1.2035704851150513,104.25718335728278,13.754156163303376,70.30341458111748,130.43520697655643,999.2909603027142,1964.747413184842,2973.893371468477,1999.5314403705434,1219.129057500196,19.151237338343382,13.824582540005506,21.773565690459428,22.101899637916212,27.387493888868786,31.52602982582926,44.02359181750205,3086.459847383721,1873.2420434755402,622.3296613038583,6.25397577067645,5.0737086729048,9.052835496148838,6.868686723281401,10.336111666953888,11.461786370664685,9.955208116093958,2576.143786418568,13.576576823174308,11.772368326392119,13.824582540005506,21.773565690459428,22.101899637916212,27.387493888868786,51.87240934190592,5.829015602887328,5.288232413668099,5.0737086729048,9.052835496148838,6.868686723281401,10.336111666953888,9.685418977682176,0.4647037982940674,0.4580380320549011,0.4590681791305542,0.4120092988014221,0.48276329040527344,0.5691763758659363,0.6659676432609558,0.7064366340637207,0.6452813148498535,0.5234764218330383,0.48698553442955017,0.47605204582214355,0.24850599467754364,0.2670730948448181,0.2615061402320862,0.26254329085350037,0.29418396949768066,0.27507394552230835,0.23933926224708557,0.2639012336730957,0.21914313733577728,0.22085724771022797,0.2519950568675995,0.2529609799385071,0.005479072676038236,-0.0022440326677059977,0.018310001033335986,-0.011852157966400358,-0.0030674895264263015,-0.008180541558508775,0.04255307945962033,0.06309771192365697,0.1088930100348344,0.07658111533029763,0.02747208725871051,0.03237720538856594,0.038648773708619806,0.12046003788645232,9.806517605123371,0.1759780765503876,0
-211.4852752685547,102.5484390258789,12.53364086151123,55.18288040161133,-3.2238247394561768,9.49320125579834,6.052905559539795,-8.994770050048828,-1.3828530311584473,1.6464693546295166,-5.429797649383545,-9.066144943237305,3.310056447982788,1.6988744735717773,-2.492673873901367,5.109993934631348,-8.649882316589355,5.327208995819092,-5.536159992218018,-1.6531442403793335,-9.04619026184082,-11.12657642364502,-0.8043093085289001,4.913620948791504,1.9737203121185303,0.6124050617218018,-0.06766776740550995,2.247091293334961,3.019482374191284,1.0236726999282837,1.5464662313461304,1.3580304384231567,0.949295163154602,0.5861348509788513,1.334674596786499,-0.6337538957595825,1.4254064559936523,0.2636928856372833,-0.21771761775016785,0.8346729874610901,-3.9157609939575195,1.9641954898834229,0.9830020070075989,-0.15971985459327698,0.11636393517255783,-0.03949950262904167,0.0008696626755408943,0.5679139494895935,0.2543065845966339,0.16240595281124115,-0.5215046405792236,-0.3573656678199768,0.5070310235023499,-0.12126440554857254,0.05542333051562309,-0.6333980560302734,-0.22032786905765533,0.1340773105621338,-0.23796556890010834,0.23810282349586487,133.06427001953125,87.369384765625,41.87701416015625,39.84893035888672,30.18866539001465,29.900672912597656,24.610736846923828,27.456008911132812,27.96603012084961,15.246238708496094,18.095928192138672,14.645697593688965,10.307209968566895,8.878393173217773,13.131707191467285,9.66429615020752,14.123777389526367,10.364267349243164,12.494025230407715,8.51996898651123,31.656902313232422,18.74544334411621,11.730334281921387,6.611362457275391,4.618300437927246,6.928915023803711,6.337751388549805,6.127783298492432,6.481739044189453,3.195096492767334,4.156972885131836,3.3964579105377197,2.0845324993133545,1.407799482345581,2.2536699771881104,1.8603516817092896,3.5347044467926025,2.031721830368042,3.2086598873138428,2.1201541423797607,13.70417594909668,11.632049560546875,5.052527904510498,5.163059234619141,3.7331576347351074,2.586268901824951,2.440370798110962,3.9833133220672607,3.095013380050659,1.9502143859863281,1.9568194150924683,1.6807763576507568,1.730355143547058,1.2356868982315063,2.030303478240967,1.8996375799179077,1.9226828813552856,0.9599727392196655,1.834092617034912,1.0903871059417725,0.0,0.0,0.0,0.0,898.738072195314,1951.694016328519,3046.538469255142,1512.5627252577356,1513.1999305224904,16.591302920959052,12.438070779807601,17.49517159804837,17.573628984913288,19.26940748819141,26.92278136133129,48.76479858612862,2801.1067708333335,942.4941479588367,377.52615558665326,4.93051534101843,5.511561912344315,5.9484244858896975,6.31880436746887,5.996905317559477,8.991705874721703,11.65105209106451,1289.6345827830137,11.407879699913545,9.770374339849097,12.438070779807601,17.49517159804837,17.573628984913288,19.26940748819141,48.25017115707524,3.9088348137613718,3.687407192945793,5.511561912344315,5.9484244858896975,6.31880436746887,5.996905317559477,9.956609919905269,0.625343382358551,0.591010332107544,0.5200501084327698,0.515771746635437,0.6635646820068359,0.6216694116592407,0.6375304460525513,0.646863579750061,0.7520264387130737,0.7329663634300232,0.5429673194885254,0.5172321796417236,0.22540849447250366,0.22489283978939056,0.1435241550207138,0.16151638329029083,0.24213986098766327,0.20471404492855072,0.2505788207054138,0.1980481594800949,0.22045977413654327,0.197898730635643,0.13558615744113922,0.16238650679588318,0.012022116682999066,-0.008150922957985803,-0.038415244194093166,0.04650141312568219,0.00124805680384629,0.006131874742331373,0.021069147210622224,0.023048785404084407,0.054564849300684753,0.06200270276209196,0.01783401987410263,0.014709972145563462,0.0,0.0,0.0,0.07850477430555555,0
-319.6163330078125,81.04393005371094,48.185184478759766,50.371761322021484,16.46491050720215,13.055564880371094,-6.453760623931885,-6.084130764007568,1.3973417282104492,5.010403156280518,-6.5209126472473145,-3.606943368911743,2.344907522201538,2.1418631076812744,-0.6092848777770996,2.8848209381103516,-3.677090883255005,2.4261724948883057,-4.39058780670166,-2.424928903579712,-1.5093613862991333,-2.2157070636749268,0.7289350628852844,-0.9053124189376831,0.11797162145376205,0.30079469084739685,-0.932672381401062,0.15456891059875488,-0.017212441191077232,-0.0162506103515625,0.11680605262517929,-0.16805650293827057,0.08405998349189758,0.10613913834095001,0.07342147082090378,0.23591963946819305,-0.26967689394950867,0.27481281757354736,0.1407250165939331,-0.16001348197460175,1.098284363746643,1.4592024087905884,-1.6304079294204712,0.30828654766082764,-0.2002987265586853,-0.43049749732017517,-0.062097132205963135,-0.35858017206192017,0.3157553970813751,0.15960273146629333,-0.2196277230978012,0.09654195606708527,0.19250629842281342,-0.1829078048467636,0.1474071890115738,0.04283936694264412,-0.01326777134090662,0.01287179533392191,-0.03592213988304138,-0.030032310634851456,103.914306640625,135.0732879638672,62.141475677490234,47.94249725341797,43.21017074584961,31.009056091308594,32.977928161621094,31.506816864013672,19.910892486572266,20.53614616394043,17.139484405517578,16.969188690185547,11.524728775024414,12.679131507873535,8.946091651916504,11.01517105102539,9.759888648986816,9.539044380187988,7.919205188751221,8.683990478515625,19.3874454498291,23.801908493041992,9.53470230102539,10.241908073425293,9.479391098022461,5.541031837463379,7.300083637237549,6.339815616607666,3.251404047012329,4.557144641876221,3.69340181350708,3.031088352203369,2.366743803024292,2.086348295211792,1.402174711227417,2.021320343017578,1.9533371925354004,1.8599168062210083,1.2155402898788452,1.849733591079712,12.993890762329102,20.503389358520508,9.424242973327637,5.880638599395752,5.152152061462402,4.024352073669434,4.475781440734863,4.601944446563721,3.5613090991973877,2.8439455032348633,2.131394386291504,2.6114959716796875,1.6678389310836792,1.5433661937713623,1.2442936897277832,1.4038006067276,1.4982026815414429,1.1780369281768799,0.824629008769989,1.277090072631836,124.13212647343839,29.054416336413325,93.30329915368074,200.0,961.6793293278718,2085.68653714058,3083.06092704065,2305.6871664657333,1399.6414537265168,17.067926978426904,13.696203169961727,21.136463015878,22.120872035274903,24.804675097984305,30.28487544643878,41.47162350529172,3634.9609375,2151.773571063561,799.8121519685773,5.144772499553577,5.49534783994019,7.496376819173093,6.858056486839155,9.386347602167044,12.618613507485161,10.920710491839355,2974.525721595397,11.362310877959315,11.402359457977546,13.696203169961727,21.136463015878,22.120872035274903,24.804675097984305,47.513840736760905,4.2191017539279265,4.360343665917588,5.49534783994019,7.496376819173093,6.858056486839155,9.386347602167044,9.930491316637198,0.5784346461296082,0.6686589121818542,0.5497986078262329,0.46021613478660583,0.4337283670902252,0.48286646604537964,0.5502744913101196,0.59046471118927,0.6484537124633789,0.47232359647750854,0.41742753982543945,0.37230852246284485,0.2876078486442566,0.3059420883655548,0.27466318011283875,0.22399497032165527,0.22324275970458984,0.2790772318840027,0.3150004744529724,0.2224675416946411,0.23282542824745178,0.2106531262397766,0.21725788712501526,0.22791583836078644,-0.04111505769266611,-0.004273612178771845,-0.03299104797964353,0.048056166143052616,0.002440799701490315,-0.005511777095186172,0.06915601617662827,0.03132227229183235,0.06393711226582637,0.10685454500629969,0.026025680742152838,0.02190551827508663,0.03384489735177685,0.17806836706032336,7.880926558275611,0.18578016493055555,0
-323.6996765136719,96.1249771118164,18.42430305480957,48.49623107910156,17.95229721069336,7.509847164154053,1.0502099990844727,-13.06081771850586,-4.608325958251953,2.8490498065948486,-10.345024108886719,-4.335384845733643,-0.6100397706031799,1.7315930128097534,-0.4985438585281372,3.0068442821502686,-2.280006170272827,-0.9603938460350037,-3.4093313217163086,-1.7710111141204834,1.0372728109359741,-1.4428094625473022,0.3491540253162384,-1.267177700996399,-0.6281226277351379,1.3018624782562256,0.09468672424554825,-0.469461590051651,0.07801831513643265,0.3542102575302124,0.47648733854293823,0.10118043422698975,-0.3175896406173706,0.278584361076355,0.15190693736076355,-0.06044301763176918,0.033997103571891785,-0.01575150154531002,0.14384010434150696,0.19247403740882874,0.4095785617828369,1.6286985874176025,-0.10649646818637848,-0.4300067126750946,-0.36880356073379517,-0.2894725799560547,-0.09204645454883575,-0.23376047611236572,-0.11666713654994965,0.07738589495420456,0.06541971117258072,-0.1035446748137474,0.10149647295475006,-0.13717322051525116,-0.03072991780936718,-0.01586480811238289,-0.14806893467903137,-0.13824047148227692,-0.07188571244478226,-0.049510955810546875,92.57288360595703,123.13692474365234,48.58778762817383,71.92969512939453,54.4721794128418,38.973052978515625,34.661376953125,27.64262580871582,23.97159767150879,20.09367561340332,23.90839385986328,15.238859176635742,13.100937843322754,14.826044082641602,12.138123512268066,10.23315715789795,9.13720417022705,9.907886505126953,8.059036254882812,9.88092041015625,21.32880401611328,23.96518898010254,9.082881927490234,15.026321411132812,9.542715072631836,8.068869590759277,7.463274002075195,6.327519416809082,5.139715671539307,3.559248208999634,3.435966968536377,3.0838656425476074,2.62943959236145,2.6511776447296143,2.240769863128662,2.2402241230010986,2.057021141052246,2.0056982040405273,1.5675444602966309,1.772066593170166,14.571146011352539,16.581560134887695,5.3345513343811035,7.51693058013916,6.470409393310547,4.865169048309326,4.958769798278809,3.9605581760406494,3.3127522468566895,2.089078187942505,2.3767852783203125,2.185940980911255,1.4743987321853638,1.77397620677948,1.658973217010498,1.342663049697876,1.3763306140899658,1.415102481842041,0.9151917695999146,1.3691580295562744,115.06123503309662,10.36703224348908,97.15319411536059,137.3953647458089,902.2152764583332,1911.0744487953502,2866.787971636291,1753.889337446077,1158.9317672222476,19.192883061164082,15.959667902364698,22.848163531627648,21.874503884604824,27.98324582710597,35.720180528636426,46.037304518238415,2866.649563029661,1708.7841548792546,567.7628743189645,5.6040376749248315,5.122452421542028,7.627983436096516,7.254301542824676,7.950082565600033,14.735776575191817,9.46425466515693,2315.0692997911897,11.990444927336602,13.42330423674484,15.959667902364698,22.848163531627648,21.874503884604824,27.98324582710597,51.674165930748465,5.071163254655131,5.592275117631717,5.122452421542028,7.627983436096516,7.254301542824676,7.950082565600033,8.768007373504284,0.4513704776763916,0.38980644941329956,0.38396212458610535,0.34870269894599915,0.34132590889930725,0.35540005564689636,0.3968580961227417,0.4767659306526184,0.5723375678062439,0.6300862431526184,0.5566033720970154,0.5149577856063843,0.27662813663482666,0.28583547472953796,0.29838892817497253,0.25213879346847534,0.21643275022506714,0.2604432702064514,0.2894760072231293,0.2911536693572998,0.290465384721756,0.2978653013706207,0.2684345841407776,0.3089103102684021,0.022786368927953743,-0.0033983954105491977,-0.006623154000963774,0.013118215907617064,-0.006802582970248327,0.006299877515599436,0.08124805466692285,0.053536531006829036,0.15222140625222572,0.10362447833407584,0.03356296644356261,0.04119378352964839,0.029084254137581093,0.12746854060214044,10.197793164152436,0.14897129899364406,0
